feature,importance
suicide,16.26798069712971
suicidal,14.62688528698849
kill,9.1744100570775
pills,8.04827795749328
teenagers,7.166138990922708
crush,7.096176167628571
mei,7.072579533468993
killing,7.023764997746485
life,6.889945914241828
die,6.831031118472056
end,6.588813042824307
ending,6.176090833675815
helpi,6.023121385394083
myself,5.965758704653782
alive,5.9149746029207995
overdose,5.894275574494671
dm,5.787788649860446
rant,5.645973672887157
living,5.575426954172582
horny,5.5501074605516205
iti,5.478116491070656
rope,5.273608328062427
diei,5.0767365513779215
minecraft,4.951989818240455
jump,4.903025840136105
painless,4.8962786332529
depression,4.879629344160537
gun,4.849371894753787
job,4.613386410117962
family,4.610418866530171
bruh,4.600023601103504
boys,4.555922494358957
anymore,4.553994745258923
attempt,4.55007236065725
bored,4.544270241071584
od,4.535231490125734
myselfi,4.514975928643522
method,4.494870145442214
covid,4.4474562547595085
tonight,4.428024402879122
anymorei,4.410296530344438
live,4.360145347189099
cutting,4.303438060725791
hopeless,4.3033078403393725
point,4.241975184577381
death,4.234195319888495
hospital,4.232764616282573
teacher,4.203132998828209
plan,4.1957151444781875
discord,4.1834997622015795
hanging,4.179281249483391
suicidewatch,4.168178647623975
lifei,4.086300538946814
goodbye,4.062337057711512
jumping,4.06040357434371
noose,4.0364299470182825
www,4.030364413309303
cute,3.989556324453994
wrists,3.9696017693935635
memes,3.9647798690884812
award,3.956766189955637
school,3.9130118653686634
rn,3.912285016419971
note,3.899087619962779
com,3.872057979438811
yes,3.8649213226272514
ted,3.8540336417047634
medication,3.84431953740558
2020,3.8420821426499865
filler,3.8220819924582234
selfish,3.8039755100375823
karma,3.7820785488090523
feel,3.758580119747975
hang,3.740703225946189
hotline,3.7314487438039126
tried,3.708553234579195
https,3.6970814711301716
cool,3.6961367064675703
attempted,3.673251512127299
teenager,3.6670312880908877
lmao,3.6601603482854808
bridge,3.653400077715474
edge,3.648183376747762
tho,3.644503719339434
yall,3.6252891098213547
deserve,3.6193479970763587
ready,3.599173084994694
planning,3.569347562327097
peace,3.5478149366308185
thoughts,3.530393176923323
teens,3.5212692202191613
gone,3.5133039850924384
depressed,3.482656022794848
pathetic,3.472536511501497
meds,3.471605982524698
drunk,3.456099603253933
seems,3.4539976502519543
existence,3.4487694023312745
proud,3.445710238480085
xanax,3.442192835050888
nothing,3.4312951427499194
miserable,3.42889675890243
ur,3.4260758233629574
dying,3.4200568299978067
worthless,3.4077497246292277
failure,3.406642172494359
done,3.3986892233077985
last,3.3835580443960116
anime,3.378638601905247
alcohol,3.35686112162142
cares,3.3563724716483327
tired,3.3478517916625967
burden,3.344567166302288
painful,3.3374510034355596
hot,3.326999983008428
alone,3.3040687255244476
wish,3.2478586813471804
21,3.2418177052570045
kinda,3.230602756807154
bottle,3.2277122406815693
meme,3.175461961324053
through,3.1661558454855463
worse,3.157419972439581
trump,3.142503645538298
nut,3.1401830399763004
suffer,3.1394333166167843
abusive,3.1277641060036894
disappear,3.10422737580041
can,3.1022123800288424
wife,3.0965813661778196
dead,3.094977351903613
to,3.069104596383223
lol,3.057536492026921
like,3.0575242876073383
husband,3.0373507633131744
tf,3.0209622208921774
killed,2.985927565534794
guys,2.9653950086464835
hates,2.9597054600987485
pandemic,2.953008251107551
dms,2.9508071524041775
everything,2.93514012209784
coward,2.9299009996424052
waiting,2.929005032333762
ass,2.928379267264694
homework,2.9268132330880916
world,2.911231230337243
slit,2.903004505860217
here,2.8969554370172848
holy,2.8910329075076757
ugly,2.860744190007054
escape,2.8592772388744896
cuz,2.85814736206042
kms,2.8445493569925615
emotionally,2.8181691256794266
wrist,2.811409754717795
also,2.8087642914455446
failing,2.8077522342360246
tiktok,2.7999504437624814
super,2.7905340037566453
no,2.7768685267260316
brains,2.775939419343426
bipolar,2.771375225754379
teen,2.769528500689364
wtf,2.768894956834039
girl,2.767620900868605
courage,2.765928524395486
assignments,2.758298246300132
yeah,2.7395718242047815
cringe,2.7386836557039542
psychiatrist,2.7328875732376052
numb,2.7250310117059744
final,2.7220206057546092
wear,2.7130722248570383
therapy,2.703700836455728
therapist,2.6996938606352723
keeping,2.698884193358636
talk,2.686421007645484
hope,2.6858336252088093
opinion,2.676167867479044
we,2.671218796687133
planned,2.669571944800975
pc,2.6634345217241977
waste,2.6617373045529478
bullet,2.658325304406515
weird,2.638107346027784
belt,2.6372482513948765
hey,2.630975478618904
train,2.63066891654637
simp,2.618508989161704
methods,2.617293393534572
broken,2.6136240543797817
happiness,2.608248466442734
took,2.5988084161482874
throwaway,2.5942084628539863
awards,2.5906583430615093
quarantine,2.5878010503590123
cum,2.575730954456232
keeps,2.57100503775308
overdosing,2.570213515298379
suffering,2.5545102464262253
place,2.547017696869349
youtube,2.5443190019056767
advice,2.544271120523164
bro,2.5415168898339227
reach,2.5331775912229118
smile,2.5289214465780345
loser,2.528249080346527
survive,2.5269381538589433
purpose,2.5232746516560525
relief,2.52234178146236
among,2.5140757798949864
cope,2.5127711667907087
psych,2.5087854452222293
enough,2.4971241705513667
fighting,2.497040819981405
sorry,2.4958461032974046
better,2.495363836108019
feels,2.4896136348895954
yo,2.487302292164621
easier,2.4855506126980518
afraid,2.475284611527411
insurance,2.4738196540908834
fun,2.4689037334103365
daughter,2.4641300341140493
oh,2.4623913339868433
song,2.452868926002337
help,2.4526144368082616
hair,2.4518576209463228
knife,2.4515950167516998
ik,2.4376765529834024
retarded,2.437343026056936
smh,2.436906581656985
ward,2.4344334955540883
ig,2.4268855941698466
fucked,2.42115433156433
himself,2.4184523349630367
easy,2.4178112740074105
http,2.412151787483359
will,2.411419306726106
server,2.405729039340561
would,2.4049549811755737
longer,2.4008134765560163
soon,2.4000703315427936
failed,2.3998572760961006
big,2.3975915950237465
antidepressants,2.3971884233433554
tbh,2.3836528054214
fault,2.3799324900730237
bye,2.3778136631871307
ex,2.3742497705146923
power,2.373936130840186
hoping,2.3727524892805496
keep,2.3710200733312714
class,2.36533121498733
war,2.3609252659461375
years,2.360305693405926
pain,2.3595447781061334
trapped,2.357785292766748
debt,2.3552616061642397
guilt,2.3417982728737874
worth,2.33755428986445
fellow,2.3371225763718306
exhausted,2.33540858933979
cut,2.3347202953535904
thinking,2.331495103604942
man,2.3303571264551146
test,2.329398112963402
sick,2.327525583559947
bc,2.3227858715489984
crisis,2.3160312426631813
pointless,2.3148113238723105
support,2.3103334229233496
long,2.3070736888906525
en,2.3054909098325904
feeling,2.3051222372194946
hurt,2.3016061683771647
corona,2.3001537140115227
annoying,2.297070402477028
gf,2.2859875363383444
want,2.283129140955612
reason,2.2698038622865555
learn,2.2681691867554736
herself,2.257979123689439
care,2.2570826955784624
lost,2.25704720957866
apartment,2.2562651937477165
idk,2.2524062074195985
irl,2.2516324557939096
essay,2.244001320434171
gender,2.2436645871882543
hospitalized,2.235194151475912
trigger,2.2303821769511143
meaningless,2.215833642761878
posted,2.2154169190125845
leaving,2.2109493349491256
dude,2.2098978435707144
your,2.2079256121430486
leave,2.2054742118265462
teenage,2.204159126099313
hurting,2.1904793237071805
literally,2.1887937924010354
entire,2.186234158154102
son,2.181680421348929
deep,2.1763873059181496
vibe,2.169169807146029
neck,2.16571464842218
only,2.1651139409912177
left,2.164104663345239
comforting,2.1628517235586493
kills,2.1564932276403184
survived,2.150079818299735
contemplating,2.1426643455459486
22,2.1376283384618917
teachers,2.1365013767972245
going,2.133938676975104
building,2.130963637016625
continue,2.1252271052977174
handle,2.120009557412903
exit,2.119842529342524
pushed,2.1165685395790477
cheese,2.1141436065282293
imma,2.1126440853118416
struggle,2.1108688896653063
gay,2.108769792998889
cheated,2.1085790891081877
inpatient,2.107778192785982
bother,2.1017182870879463
ngl,2.0985296063169314
way,2.0978074903362733
stuff,2.094538109266273
belong,2.090404096630265
random,2.0893645364103066
ocd,2.079205135507471
over,2.0778547245037764
hold,2.0655677751328914
play,2.062928337920087
thank,2.062335451055719
option,2.0607702135764354
abused,2.0588824200498594
resources,2.056253690842459
peaceful,2.0549579062426693
harder,2.0536677908927974
close,2.0532179307445064
homeless,2.044343793835486
themselves,2.0403586682121557
strong,2.0386141211693007
bpd,2.036617626143503
work,2.035619638502797
nobody,2.0351579480652613
cared,2.033978062856768
facebook,2.0333576142667154
ideas,2.025876949518934
helped,2.020012677545658
schools,2.0170067394756956
american,2.014591517656166
blade,2.0118684531363042
learning,2.011698552807456
dose,2.006683676953209
couldn,2.0057692963568408
things,2.000863681472631
twitch,1.9868769488999016
post,1.983727205863148
solution,1.9836661483130136
omg,1.9831705842924736
kicked,1.9753069167518493
name,1.9721705927077795
shotgun,1.966485319718684
yea,1.9662428287093596
deal,1.9639804213518444
thread,1.9605799787101368
losing,1.9599614026166072
truly,1.9566342536138719
kiss,1.9494266682824564
everyday,1.9492365609450142
zoom,1.9489843857152318
decision,1.947461984688613
alcoholic,1.9471323880064515
born,1.9464229945379337
racist,1.9443568445946726
movie,1.9436515038386295
attempts,1.9428147305952934
helping,1.9403202285712988
shitty,1.9384038640352457
cruel,1.9348745326341392
stopping,1.928969652454423
boy,1.9289031065757591
dealing,1.9284765957980463
btw,1.9284700474150915
liked,1.9220065071946895
beautiful,1.9214619434609361
you,1.9213480268335237
bullied,1.9149431520729205
2021,1.9136133866150504
head,1.912514052587935
awful,1.9111569064275318
pizza,1.9074309504692202
ashamed,1.9052689663942455
cant,1.905025221701662
fail,1.9021350521893474
reaching,1.9006588822069714
letter,1.8933352530387288
sure,1.8931079100102133
porn,1.8882669543075978
jokes,1.8876152273267495
blame,1.8874933982502629
nightmare,1.8874296379005102
told,1.8859166764833573
pls,1.8842292175790383
comment,1.8839639276678226
lives,1.8834859473846266
considering,1.879825211203479
lockdown,1.8796819805114342
waking,1.8785654112059875
medical,1.8782311892309567
pog,1.8765005083117008
illness,1.8764615827054199
misery,1.8756634035379274
bit,1.8694568701934686
bi,1.868771166759592
inevitable,1.8682410882542664
loneliness,1.8680575313897143
never,1.8672003086762505
drinking,1.8667916005240948
ll,1.8613874249901194
none,1.8579290867025045
wake,1.8538992324228216
hungry,1.8534006154295677
seem,1.8525840654696126
options,1.8492586991750861
freak,1.842185096873701
vote,1.8371540239442419
could,1.8368411705101728
much,1.8336980433016008
scars,1.8324006503534935
accident,1.8320943062761195
star,1.830811095053093
deleted,1.8303652958208747
struggling,1.8296362803495787
mother,1.8264997569601726
lyrics,1.8246742611237956
available,1.8223979098418392
permanent,1.8212981547312463
treatment,1.8202307385593128
hotlines,1.8189771592004824
swear,1.8165277525547234
drowning,1.8153111053241042
basically,1.807188797829564
luck,1.8066481311142815
chronic,1.8039810793885394
homophobic,1.80349787737451
drawing,1.8028091501134056
overwhelming,1.7998995440775416
uh,1.7993122543057376
english,1.7984038041636528
blow,1.79681613046643
panic,1.7926187121269117
forward,1.7919342063611121
matters,1.787158881686268
men,1.779472228577931
project,1.7678023433307677
bills,1.7671864564191566
plans,1.7670550224604813
heroin,1.763835437585159
somebody,1.7629118612147274
co,1.7615501943026235
etc,1.7595027563214924
useless,1.7583931678477822
willing,1.752652197286908
king,1.7514607430027522
scrolling,1.7488898329394895
room,1.7456134210378527
sub,1.743387887968049
wearing,1.7357381134214411
words,1.7313936207434635
gold,1.7274242979376413
reddit,1.7265205574313145
officially,1.7265160421147796
cuts,1.7247997303252498
university,1.7220933763868294
loved,1.7199073719530193
several,1.7190184476699644
need,1.717843828652131
yourself,1.7172329402425193
committing,1.7164821829410026
afford,1.7132044388046468
thought,1.7121860309467647
game,1.710054520343338
lt,1.705663926415453
questions,1.7032886894160324
mind,1.7015297886179053
dumbass,1.6992244692202785
uwu,1.6980986372372835
emergency,1.6971747532027035
right,1.6953589384203014
songs,1.6935487921973889
hmu,1.6849817155350533
hard,1.6846138872241414
mad,1.6798959285289115
disorder,1.6796312451981303
nights,1.6772021216733208
desperate,1.6769805755948197
matter,1.6719617714863306
political,1.6677591296552292
word,1.6643043062433356
abt,1.6623994465283214
me,1.6526417963109514
ptsd,1.652146700839741
shoot,1.6510049762286065
another,1.6480323303505668
seeking,1.6475132791492697
talking,1.6471542429207615
self,1.6466537039530142
helps,1.6403592084390628
starts,1.6403483943746446
reached,1.6402787459355728
deeper,1.6378866495654203
degree,1.6376197522764127
math,1.6331105609654262
pee,1.6299453963829762
first,1.6292344529010052
negative,1.6268838980922622
er,1.6265691331846577
dick,1.6265032702653726
forever,1.6256308107441721
art,1.622255231172093
points,1.6181500454831486
drug,1.6164285927326336
some,1.615249839579855
ideation,1.6148496083208834
treated,1.6102835484296738
america,1.6078762649486136
metal,1.605820795423019
offer,1.6058059660612134
tie,1.605631985088735
hopefully,1.6024775830630376
crying,1.6014909751687427
away,1.6011733602297151
looking,1.5997435691199435
fuck,1.598233765112043
police,1.5978110269165966
horrible,1.5974287624693495
14,1.5967088692826892
loves,1.5941920959253943
ve,1.59319310310167
medications,1.590587434933662
randomly,1.589936949653004
worst,1.5882339752603647
assignment,1.5843914877810363
saved,1.583736881073535
prescription,1.5828815251019364
counselor,1.5793672306028534
raped,1.5781697445297842
situation,1.5772610050110827
schedule,1.5770324653963632
stressed,1.5733986035428147
problem,1.5726232750677591
ice,1.5720666303104973
shall,1.570327024465034
start,1.5695767859522574
ourselves,1.5692228925672194
gotta,1.5682859594523773
milk,1.5650825739364391
maybe,1.5631710513822759
always,1.5613075629010582
definitely,1.5608123430615342
facts,1.560464254560842
respect,1.5558214535367383
mom,1.5551697467793906
wanting,1.5521985668651703
french,1.5479391330199694
empty,1.547682540175589
so,1.5472685111570383
clue,1.5456182946000923
hopes,1.5445292185336412
posting,1.54401297527278
mess,1.543921813195087
sexually,1.5437377300116504
code,1.5434691990753764
pet,1.5398291016559966
urge,1.5358464486092802
positive,1.5352795594202355
screen,1.5309759786131696
graduate,1.5285962389300058
funeral,1.5264980058539153
effective,1.525672604784447
likes,1.5249202419192354
xbox,1.5215449671450578
desire,1.520564466836292
home,1.519614047268306
ugh,1.5193679348906006
channel,1.516682317841225
wouldn,1.5164566136101234
existing,1.5159124440690097
don,1.5137347988475587
amazing,1.5107251472908716
throat,1.509332204690792
26,1.5086466953262034
easiest,1.5074576894952716
pussy,1.506397404686759
force,1.5024603810775694
saying,1.5016957900161017
bullshit,1.4988863107261385
disappointment,1.4986981383424907
hung,1.4963454262917077
google,1.4952352988780813
tips,1.4948448840882151
suppose,1.4938633439006501
appointment,1.4926106364993488
quit,1.4918127427493848
know,1.4893433997893601
girlfriend,1.4878871282504738
something,1.4862456789754501
take,1.4857701150047589
water,1.4857655190950734
generation,1.4850433227929378
straight,1.4842290181463371
won,1.4815435504014964
dad,1.480439809019995
app,1.479875461230566
ask,1.4795743681417608
treats,1.4794472988559733
needs,1.4771612302804404
actual,1.4763016308843597
sooner,1.4753569164498705
rip,1.473405109090842
wont,1.4674750262666785
tl,1.4665539552490516
fed,1.4663083622309705
attempting,1.4661513080906463
dumb,1.4652772320242708
online,1.462545119936114
void,1.4617629401976526
closer,1.461677184444859
named,1.4602643366890409
unemployed,1.4590707775280518
tip,1.4579912725790292
weak,1.4579833389307895
angry,1.4571879879035134
info,1.4569342168409831
too,1.4561714970551094
holding,1.4559641724076189
moved,1.4542301972042966
girls,1.45392757868961
such,1.4529411777212993
ill,1.45274148780165
think,1.4526683704821814
car,1.4498927745061236
focus,1.4491301311628464
mistakes,1.4488612594122048
draw,1.4480784745434434
wholesome,1.4449703834775438
adults,1.444372484608286
distance,1.4427779589229979
access,1.4403585201705607
confident,1.4389171133425567
unbearable,1.4362514734869922
si,1.4357769611102351
government,1.433832361362307
imagine,1.4313412492472244
wishing,1.4303781604466075
question,1.430268643704762
bike,1.429932563628453
relationship,1.4299192407158858
razor,1.4297917381283443
fiance,1.4291161964181327
all,1.428803278723945
woman,1.426118792694965
watched,1.4201661705201938
chance,1.4195763252012161
counseling,1.4182125439615998
but,1.4165973768607436
addicted,1.4158743818126784
style,1.4155860809592684
disability,1.415500429235214
picture,1.4138095264692658
everyone,1.4102822382218887
banned,1.4096725394011254
meant,1.4096545077964973
politics,1.4079300888081328
fantasize,1.4076544340435668
taking,1.4075319687861234
college,1.406659156273849
forgot,1.4039980681948423
awkward,1.3968445931133706
pants,1.396325029492198
abuse,1.3960422407186344
function,1.3953638143013156
father,1.3944098081847023
joke,1.3943253068485517
anyways,1.3939609078806876
rights,1.3904228064510473
happened,1.3896126799753536
cock,1.3892558853581576
anxiety,1.3887755162834665
ain,1.386726103497053
difference,1.3863266810205184
chicken,1.384705443732252
met,1.383081349730968
bag,1.3829687149292715
ok,1.3811483321691516
challenge,1.3805466255913157
great,1.378341233353113
grandpa,1.3763934421915447
tldr,1.3750459218121365
pop,1.3723276962841917
treat,1.3711033109254636
uncle,1.3705887388349738
success,1.3703673725087924
ruined,1.3660850220561265
coffee,1.3643487464206605
promised,1.36400261267745
manic,1.3599515392184864
wasted,1.3594997260645054
beyond,1.358846077360146
penis,1.358733867643176
shouldn,1.3578685355143238
next,1.3532395362809084
remember,1.352359910616479
rent,1.3523061544427155
felt,1.3510005454245397
hate,1.347624911861382
24,1.3429321629871727
reality,1.341322482060842
afterlife,1.3404285809525716
funny,1.339190557901863
folks,1.3379621213839357
uncomfortable,1.3367799830600289
mean,1.3364481473665673
boring,1.336275214054024
study,1.3336340181356825
front,1.3325553771519911
tomorrow,1.3324138826447696
depressants,1.3280880469809409
accidentally,1.3261583031878463
toilet,1.3221523569071822
our,1.3215460818219957
original,1.321456265492376
growing,1.3186478703625308
am,1.3170071701781514
body,1.3151547224596882
young,1.3129379773304528
abandoned,1.3123125310453077
verge,1.30949675732661
unwanted,1.307614022305605
stories,1.307482293149355
wondering,1.3067189009369204
letters,1.3060319031501977
even,1.3048810033337335
few,1.3015509790370425
kept,1.3001988835455884
successful,1.2985116436366098
em,1.2973127090758232
ambulance,1.2969569548509157
someone,1.2969296693009351
forcing,1.2968024313942526
goal,1.295236215505334
succeed,1.2950040725609708
temporary,1.2935687920141117
lied,1.2916873458324147
call,1.290887145890417
damn,1.2907229785923369
severe,1.2902111754341126
classes,1.2893852574991793
chill,1.2888745365267653
cause,1.2887536168663705
cuddle,1.2881741431854896
upset,1.2880696593703729
legit,1.28790541986542
mr,1.2860384164275112
snapchat,1.2833018427618446
jerk,1.281382539744683
dream,1.2804334823402481
explain,1.2800403056700818
notes,1.2791705384001057
them,1.278232446954433
boyfriend,1.2773477085290779
laptop,1.2757688494547543
recommend,1.275539626888194
knows,1.2754154275359142
fact,1.2747163792797762
coping,1.273666306340106
piss,1.2734826191453645
unless,1.2700525000042484
dr,1.2681531048549748
ya,1.2680961947539622
fight,1.2678006197984568
moments,1.26730334100704
around,1.2646303632694411
uk,1.2628956446163464
nice,1.2617595630873901
alright,1.2610490263130376
interesting,1.2604222170808712
midnight,1.2590094704496457
stops,1.2589669246868709
received,1.2588339800274833
out,1.2573037065474297
every,1.2568324523864736
white,1.2565528706770561
isolation,1.255738464414481
ive,1.2554978108816421
knew,1.2552895835887368
seconds,1.2547805098324094
hurts,1.2543728198502353
experiences,1.253894788174327
monday,1.2538199828422583
sleep,1.2537677364969435
ignored,1.2522316960109243
twitter,1.2511043543649483
nor,1.250919161896799
roommate,1.2485570428105004
pull,1.2479018403621138
learned,1.2473071853343567
see,1.245818359236707
noone,1.2450178202410072
got,1.2446936408193994
playing,1.2443894961416027
minutes,1.2438792635784288
disappointing,1.2438166691803614
passing,1.2407971151261108
leg,1.2388143023331577
lived,1.2380777075550164
tests,1.2371664350508735
child,1.237048397066811
messages,1.234266695068484
ended,1.2333066786454112
fucking,1.2306310334094155
helpless,1.2285256125972948
of,1.225990641767726
giving,1.2237490601417684
lets,1.2234953647318603
semester,1.2227554851193263
uni,1.2226814644680075
dogs,1.2208883451005892
watching,1.2205892111122187
joy,1.2202532466412093
please,1.2194951189239236
agree,1.2179617085808385
understands,1.2175749199380992
snap,1.2142421758612958
af,1.2096900643239563
played,1.2084830635907524
darkness,1.2063281892773647
owe,1.205755372577767
nothingness,1.2057337000506125
isolated,1.2056513749328395
message,1.2045064625809447
future,1.2018449358948091
write,1.2008382197724226
cat,1.1963171964159554
high,1.1961800221695407
wants,1.195900617026486
financial,1.1956124862631208
hour,1.19512441675973
takes,1.194706195520816
within,1.194305160912722
november,1.1922159842740927
00,1.191929954921156
tendencies,1.1900925503004096
unfair,1.189487318151518
edit,1.1889027575612556
click,1.1878446915831529
watch,1.1877287161660608
jack,1.1874674849930797
2018,1.1831798227772061
13,1.1819552068039854
yay,1.1783095074460712
texting,1.1780699844837803
psychiatric,1.177024144960899
seemed,1.1766928784122028
wrote,1.1756777789909691
do,1.1739552617581206
forms,1.173235101678506
surviving,1.17147708290661
garage,1.1708788920565383
danger,1.170258282969998
pill,1.169183944655463
beat,1.1671103102429174
torn,1.1662880802361613
childhood,1.1660853390258288
characters,1.1660133841600708
context,1.1647010416510415
problems,1.1643983689247135
march,1.163019641360025
finished,1.1622654182857306
destroy,1.1617066243146041
blah,1.1614683289545966
poem,1.158648194304467
been,1.1581379715084295
guts,1.1558597935553414
consciousness,1.1525669535191347
pretty,1.1521058044752366
opened,1.151066998740809
science,1.149552769021478
seriously,1.1493237370464493
mode,1.148604280990104
bring,1.1472020154052598
red,1.1461738496641196
society,1.1461108194317484
25,1.1448424904591423
changed,1.1434929571741057
own,1.1430946301298137
concerned,1.14201481782276
spotify,1.1413126408641712
cops,1.1408981893214414
immediate,1.13894023677909
alternative,1.1386997898690747
bed,1.1380925606690218
example,1.1366580523493772
pity,1.1364563640157872
survival,1.1356631799290997
spanish,1.1352448006296014
down,1.1351715038473618
severely,1.134591445727048
carry,1.131958396459086
share,1.1313920723485222
whenever,1.1312861772375533
send,1.130803261996704
conversations,1.1303207209614528
27,1.127208189098278
phone,1.1263326268001397
arms,1.1256975504617597
911,1.1233447102172587
responses,1.1224581646119145
ate,1.1217506161281092
important,1.1201790020433309
friendship,1.120164226588035
before,1.1182183075548142
ranting,1.1169596137835756
topic,1.1166519619010873
past,1.1153223030053856
pressure,1.1147017113713265
reasons,1.1133921115471763
genuinely,1.112146439974775
sadness,1.1118097193479193
between,1.111679977984041
coming,1.1055822925170213
cheer,1.1043472937994174
doctors,1.1042932538617665
intense,1.1040939867091104
seen,1.1035422963051094
via,1.1034291955137956
small,1.1032246985894871
turning,1.1003466306659564
grow,1.099838279192067
seek,1.0981112528926538
wasn,1.097616355279228
theory,1.0971571817908443
eye,1.096787998140258
pics,1.0956873538143839
pray,1.0897865410431662
tells,1.0885127581921663
set,1.0880558728607912
off,1.0875967471049588
calling,1.0868362163531997
apparently,1.08594364630251
bleeding,1.0834634932355955
fast,1.081261559513133
therapists,1.0809074168222494
pm,1.0808427269094567
doesn,1.0801174394237927
auto,1.0788310923825966
experience,1.0782996396775004
choice,1.078045921596843
shower,1.0766821238993665
run,1.076172144541654
happens,1.0757586237440835
wall,1.074873797124155
admitted,1.0734819299263358
company,1.07185986504204
special,1.071001221992578
closest,1.069453945652889
sober,1.0691854230235938
scared,1.0691351857642977
simple,1.0667513654524636
more,1.0665734124784898
comfortable,1.0661988006187768
mobile,1.0658582829570311
course,1.0642382670224786
harmed,1.063879180401139
laughed,1.0636699297413132
given,1.0635643603745077
less,1.063542948824078
poor,1.0623617048065142
instagram,1.0621349312224733
sexuality,1.0621286471756377
grandma,1.0613551134988246
damage,1.0598131537837747
issues,1.058584006766969
fuckin,1.0576846611550197
betrayed,1.0558820510584828
drown,1.0553379508594745
cannot,1.0551329999590837
written,1.0542225415795334
happening,1.053966280674061
insecure,1.0537980111189373
nose,1.0534983870093448
group,1.0515621600949285
thanks,1.050350253595311
rather,1.0501451235596426
students,1.049366617030378
helpful,1.0491546379856336
act,1.0490269800518048
stopped,1.0468846797641695
pretend,1.046568115147094
language,1.0452688705572935
give,1.0447985567158202
notice,1.0430004250265068
go,1.0428549307453965
pulling,1.0415387891625862
trans,1.0404916989365847
soul,1.040288594554944
replies,1.040232182196442
gets,1.0400146019837497
format,1.0382380551619368
fish,1.0372785336902393
financially,1.0363715210879982
terrible,1.0361989737914996
minute,1.035206925357833
behind,1.034586516452776
sharp,1.0326157745483295
black,1.0324385533758247
must,1.0310151982850833
finish,1.0301928166813195
exhausting,1.030049359549439
40,1.028808204888276
graduated,1.0273506607444816
switch,1.026537627926279
images,1.0261647559334048
loans,1.025557239366331
wonder,1.0253200545168841
camera,1.0246664207610081
stay,1.0241094465122274
mask,1.0227799294176023
overall,1.0224984851864767
able,1.022332672695389
sad,1.0210926801555626
sudden,1.0209909732957838
key,1.0201297441037587
partner,1.0172398530812785
virus,1.016529713203695
add,1.0160638485666298
professional,1.0140337227438445
countries,1.0136776292095808
secret,1.0133216145770754
taste,1.0127383312207763
dry,1.0117515437438052
tied,1.0112119998234947
cycle,1.0111004134762314
dumped,1.0097988632766455
band,1.0090112853327082
giant,1.0087347765426142
baby,1.0082839153755625
caring,1.008174944024575
join,1.0074975671688648
saw,1.0054372307662707
anger,1.005434618469184
paper,1.0043190367864716
badly,1.0038516152240813
calm,1.0033060538658312
circumstances,1.0031977051986987
parents,1.0011583211541046
tears,1.001148850977236
fair,0.9998969813023211
doubt,0.999465513226909
disabled,0.9994264663469016
normal,0.9982454339542632
assaulted,0.9954628753337861
playlist,0.9940866011407922
dance,0.9926820395041944
after,0.9926272356384384
100,0.99207172812973
others,0.9913517038916602
shell,0.98923091882957
say,0.9885569800836251
listened,0.9879812247917741
turned,0.9865608490067571
anyone,0.9848892075582009
safe,0.9843012815033396
line,0.9842640380015393
empathy,0.9837117657284964
known,0.9834885886072978
23,0.9818285968980338
eat,0.9816194657453079
website,0.981262288512249
become,0.980660525091615
sus,0.9783718378740947
relate,0.9769793113011024
cunt,0.9768600352393044
married,0.9756317380057303
molested,0.9756261607689629
major,0.9755520380067344
swallow,0.9750709644496747
planet,0.9720332315533414
responded,0.9719812814338435
bf,0.9711237336051313
hand,0.9691526369486504
rule,0.9683964069502321
lies,0.968220825677059
cake,0.9679453467754714
provide,0.966906903174625
gaming,0.9667950561019617
contact,0.9663379174237385
memory,0.9663295329994552
liar,0.9658324334427517
buy,0.965781543767585
broke,0.9650046977724813
just,0.9648265717057447
culture,0.9629215815867966
finds,0.9627452263242448
dinner,0.9624008290730102
strength,0.9615274492363708
gives,0.9595112185522451
disease,0.9589542264323946
favor,0.9571425578285538
taken,0.9569862090024868
perspective,0.9566972930518765
preview,0.9565149214626637
student,0.9563881286086804
physically,0.9562275200586324
against,0.9534012001770832
throw,0.9526333402537427
smoke,0.9505393585153992
otherwise,0.9505186008842793
silence,0.9484902964596406
brown,0.9472456795454184
dreams,0.9471105637237409
mods,0.9438528088044732
teach,0.9436208025292341
update,0.9434493255586208
90,0.9432302821052462
breath,0.9431888234558914
land,0.9430484591292386
locked,0.9417467901154056
sake,0.9417396982829151
lesson,0.9415214525619283
search,0.941295684278958
details,0.9409105517222337
destructive,0.9407811806585364
blood,0.9403513319669154
album,0.9402613776386424
staying,0.9372456387157316
prison,0.9365730741504168
ability,0.936270801265672
breaks,0.935828884778484
cost,0.9335006725238593
exist,0.9330885100153691
value,0.9326480258256586
cried,0.9324149635673968
fate,0.9323504304661959
medicine,0.932203077963458
excited,0.9318267625771368
not,0.9312839912181056
productive,0.9269981222743691
insult,0.9264633572323606
netflix,0.9254959550728099
suffered,0.9249178145484821
apart,0.9246132633245743
socially,0.9246083981914314
grade,0.9244621280238259
crushing,0.9244437329395915
attack,0.9242883613414905
crime,0.9232293903316657
cook,0.9223499183434226
relieved,0.9207546491908143
outside,0.9198789779819964
trying,0.9193244826951917
hide,0.9172682995419
stressful,0.9169569344642066
store,0.9145961193076547
party,0.9128253574684749
music,0.9120678035209526
practice,0.9119115901552942
urges,0.9103887118774685
least,0.9074612909859436
disappoint,0.9071674189389408
11,0.906732648012314
truth,0.905836973331493
simply,0.903458089766799
as,0.9028262492675178
block,0.9027386322952324
grief,0.9017868063444178
28,0.8993448457912775
20s,0.8969135949477808
stranger,0.8968638134968592
desperately,0.896778782153701
autistic,0.8967505696373503
younger,0.8955215929112189
psychological,0.8953398241668143
mistake,0.8943722155306163
silly,0.8928263914938813
honestly,0.8926960106688585
hours,0.8926220952466084
drank,0.8925767344093387
earlier,0.8915719057506248
breathing,0.8914726667360899
jesus,0.8913165234633534
due,0.8903958512543255
gross,0.8903439067009226
fire,0.8889155678115014
breathe,0.8883930271240401
dont,0.8864442440762058
overwhelmed,0.8864188972077024
book,0.8861073057926109
disgusting,0.8856123122853962
overcome,0.8836172290179253
profile,0.8833975303200415
chances,0.8821132571839128
hole,0.8821100923951511
move,0.8816703982371932
loving,0.8810701055438013
goodnight,0.8809155566565111
hopeful,0.8805798203522613
falling,0.8796195895969732
active,0.8789117400645088
couldnt,0.878507077237363
failures,0.8778946345345572
mention,0.877687411602164
means,0.8774605517220403
convinced,0.8768604014232345
trust,0.8761069960318706
because,0.8756001443030406
love,0.875469627265922
serious,0.8737738127955788
rock,0.8719850316162495
considered,0.8712336180998181
shaking,0.8707228583597636
screaming,0.8703867105776266
background,0.8703172041318816
connect,0.8702612746547622
center,0.8671507145224897
afterwards,0.8666478448790099
weight,0.8651398795743086
works,0.8640882586170168
well,0.8633879030540808
allow,0.8629744045433936
gpa,0.8628977470081457
lot,0.8614360459746004
spent,0.8600322783252508
it,0.8592986595769703
thats,0.8588689254552448
terms,0.8582906185564807
jobs,0.8581589529292821
hearing,0.8580204640467524
story,0.8578233139899555
multiple,0.857458174314145
machine,0.8551432842368918
roll,0.8527977684056595
violent,0.850951132052595
throwing,0.8506822951482637
link,0.8492163127258003
idea,0.8490928084020556
despair,0.8486545714210609
10,0.8472975251338908
sounds,0.8472246835142058
eternal,0.8466914659279029
days,0.8459767637205201
human,0.845880579010044
terrified,0.844803740185803
sees,0.8444273038802409
thrown,0.844026168713979
height,0.8432761219060652
legs,0.8430496558095834
webp,0.8422004139496034
triggered,0.8403728497530742
prevention,0.84021199889654
license,0.8399840250538845
personally,0.8372469204709919
emotions,0.8369791573633224
unhappy,0.8369494868437692
savings,0.8368286623416643
lack,0.8361454386350696
dropped,0.834634855727581
using,0.8340014483962088
skinny,0.8337101991176955
character,0.833357911647766
lessons,0.8327533481755219
anywhere,0.8321116759496082
might,0.831705085991609
addict,0.8312960970759364
day,0.8288068714146132
speech,0.8285172271064329
nervous,0.8283132355098849
agony,0.827606988019379
october,0.8261854937429566
started,0.8256522072864231
divorce,0.8254635756363474
pit,0.8252574401812495
may,0.8245923744525666
okay,0.8208617841879662
does,0.8203357747413671
light,0.8193739601697143
this,0.818435622917734
low,0.8176217430389462
chat,0.8168626141878629
evil,0.8163554096785666
devastated,0.815787656708607
brought,0.8141460618017625
lady,0.8122611211875167
depressive,0.811924365630051
joined,0.8117817603187719
committed,0.8108615694399394
meaningful,0.809012498910501
attached,0.8082934578425317
comments,0.8082923031920819
bear,0.8081581375568591
adhd,0.8043318782984896
apply,0.8038633959274809
lil,0.8037494918420148
allowed,0.8030364035300245
32,0.8029416973877669
worries,0.8026832715721569
recently,0.8026599345557499
motivation,0.8025000276660648
handful,0.801019285735152
popular,0.8008581848779277
trusted,0.7996433187611156
psychologist,0.7993532445148965
program,0.7986966313480407
free,0.7971959841594878
risk,0.7953343378628612
illegal,0.7936547818019917
services,0.7934695862886417
which,0.7920806535587628
member,0.7920276789854397
anonymous,0.7918927418578967
response,0.7918340491366032
continuing,0.7903197340036101
mood,0.7899265792679415
freedom,0.7895418572972547
change,0.7892786316707059
that,0.7881179777338019
fired,0.7873709798524356
bs,0.7868624647511897
comfort,0.7864872191279945
heart,0.7858456194920759
ups,0.7857143321965625
shoes,0.7854030156627715
energy,0.7846378263335693
reminded,0.7839560965334587
everybody,0.7818883697981087
bisexual,0.7817990920507936
stars,0.7815105722906426
perhaps,0.7805787401203603
dealt,0.7800889813338517
strangers,0.7797643261360798
acting,0.779175619356276
rude,0.7789286307783378
struggled,0.778603447822922
significant,0.7782270597861619
autism,0.7780640220477573
uses,0.7776049774897899
lights,0.7767801949489666
further,0.7756449897846721
had,0.7753349607738836
spring,0.7746092490706404
worried,0.7745031944547798
meanwhile,0.7734073951803834
hated,0.7730567245832514
being,0.7729058564853298
plus,0.7727485328213436
jumped,0.7720820023069762
stuck,0.7711449900305305
process,0.770783743674387
version,0.7696986914416557
coworkers,0.7690583525807788
tested,0.7688051678973928
attitude,0.7683631628928156
artist,0.7683206155692677
opinions,0.768224110133024
supposed,0.7681976903197988
hire,0.7677247045788365
again,0.766998431044101
wanna,0.7669836914388013
below,0.7657654679433625
rage,0.7652137824068337
based,0.7651485353873999
redd,0.7613956435526138
raise,0.7613243473295357
there,0.7608654885424365
somehow,0.7601829253315712
decade,0.759862888352082
creative,0.7593550105235639
pushing,0.758487399132839
wanted,0.7583846106251732
needed,0.7576927481489575
guess,0.7574910365436476
snapped,0.7563838581760807
new,0.755476701556719
dress,0.7552909370107839
died,0.754986371127757
70,0.7519028593875375
button,0.7511219988584754
election,0.7500997073750298
pro,0.7499220784922074
acted,0.7496623362608231
the,0.7490886548442419
nurse,0.7485400132691721
sometimes,0.7472322673683142
flying,0.7470169462025277
answers,0.7465682172544399
image,0.746141295770664
physics,0.7453260988198163
true,0.7446895080662225
woods,0.744304344447384
mentally,0.7438925403338927
damaged,0.7436324238366764
disconnected,0.7423951486164171
holidays,0.7422691453801153
career,0.7408802317403103
according,0.7405558543168473
bitter,0.739241727516381
country,0.7383595680916761
possibility,0.7382543156403187
they,0.7371684903606969
stand,0.7367081726780322
skip,0.7359909220448108
motivated,0.7355536173138915
forgive,0.7355174469241644
same,0.7343453351061441
six,0.7341308798780942
emotional,0.7335095270963543
shame,0.7325406691247787
thankfully,0.7323350510068495
nostalgia,0.7314193460039572
heard,0.7303346901483206
term,0.7303284770077759
hug,0.7290657207742092
psychotic,0.7290618146971497
complain,0.7288275510207664
ways,0.728706589913892
prefer,0.7284349999268692
nowhere,0.7283004540019368
its,0.7282865809712318
eachother,0.7275834085384469
california,0.7272038365839045
held,0.7268633076584904
removed,0.7266730152925123
wasting,0.7264396170444769
how,0.7249782606157898
get,0.7248320246778673
spoken,0.7232137181831544
back,0.7218982072297758
ago,0.7208214594313237
sent,0.7204250470343471
wreck,0.7189621704987322
constantly,0.7175508217023252
sound,0.7163722949359765
decades,0.7154417049488637
short,0.7144547398282766
community,0.7142680608235648
trip,0.7137464447182461
make,0.7132235750506772
trauma,0.7126750375359971
adult,0.7124685260103198
horribly,0.7124629578809029
information,0.7121481340907234
views,0.711216822256642
phase,0.710743590011075
embarrassing,0.7099827649697109
confidence,0.708701585933699
rational,0.7077313217571382
spot,0.7055569564609302
typical,0.7053554907982115
beginning,0.7052862309226424
recover,0.7038727014055913
steal,0.7036540921517612
pictures,0.7035977460773731
stood,0.7029003213987526
didn,0.7022239585930741
slip,0.7008389098123576
consequences,0.7008103721309449
functioning,0.7006461859006775
fade,0.7006323142210463
sports,0.7002934039999724
were,0.6997052625261858
calls,0.6981980910066836
wage,0.6976574368239976
causing,0.6970309393275098
paying,0.6968624794529839
caused,0.6958114627680184
boss,0.6957347554876332
beach,0.6949634849113387
average,0.6947622367484065
later,0.6939190060587013
semi,0.6924213324085385
meal,0.6919061910156173
changes,0.6915064070124115
crap,0.6907981914672433
remembered,0.6907901430395466
haha,0.6902716750375887
attention,0.689788744456275
20,0.6884269560018513
doesnt,0.6883819753835091
supportive,0.6876788224163416
plays,0.6875323605247615
spread,0.6872019992675557
bet,0.6870355237717369
mine,0.6858261558237974
time,0.685404890959093
prove,0.6848131214701505
begging,0.6847538879624877
taught,0.6840116706088701
across,0.6839736646178839
build,0.6831093659464575
creepy,0.6830551135221438
diagnosis,0.6819421605281358
awhile,0.6807164028130253
skills,0.6804410890662909
50,0.680335085309393
rambling,0.6803263559437873
rejected,0.6801115287382391
desk,0.6776951478211141
extreme,0.67762719019494
amount,0.6771939163000124
accept,0.6770352932439758
decent,0.6752366623238156
air,0.6746558739508804
side,0.6744972090388294
technically,0.6743317318655452
worker,0.6738283680466253
re,0.6724847768917162
effects,0.6724270508720324
leaves,0.6716480813910163
missed,0.6703889699173555
complaining,0.6697165816665973
bleed,0.6696377421202999
4th,0.6677877760496436
was,0.6668044898110737
income,0.6658969433428868
possibly,0.6646328665544824
discussion,0.6643969845117571
somewhere,0.6621891615738117
mainly,0.6621772076180247
fear,0.662138537685351
quite,0.6619761165159859
studying,0.660651419080631
transgender,0.6591066775969585
im,0.6590701687516886
size,0.6583796969505149
paranoid,0.6581945465628806
straw,0.6581714683130121
balls,0.6578150207549168
ones,0.6577929991278831
their,0.6575238078941836
save,0.6572106714170948
pre,0.656360057666961
cold,0.6563528060704493
crazy,0.6558619928182908
noticed,0.6557850548421296
verbally,0.6548942346619673
complete,0.654850109032818
chest,0.6538314634242811
list,0.6532631734002147
enjoying,0.6511480954930094
exam,0.6491993346367961
existed,0.6483865898100477
opportunities,0.6476242927253045
destroyed,0.6470041923990542
crash,0.6469618769029394
12,0.6460064746019696
sitting,0.6456765601207433
prescribed,0.644373467879189
real,0.6441585724020097
anti,0.6438854747061081
hasn,0.643064325015126
gas,0.6429366793583644
female,0.6425946366512393
quiet,0.6422544908537775
fairly,0.6414968972774596
mixed,0.641157571267258
movies,0.6411079376083159
borderline,0.6401438508757247
cry,0.6396779377961329
peers,0.6395708624063572
thinks,0.6383159578909545
stronger,0.6382877355490545
quality,0.6376196444524227
favorite,0.637601754479934
begged,0.6375144517213771
page,0.6374425468442725
behavior,0.6371678863635849
punch,0.6371558647573207
besides,0.6371003645519893
lowest,0.6359403367925632
april,0.6358979460599111
woke,0.6337777590617567
breaking,0.6332966302235361
says,0.6330403965432948
ball,0.6322174088197575
filled,0.6321829687825771
stab,0.6312430137968504
majority,0.6306643818433537
score,0.6301567008176946
became,0.628123328245393
age,0.6278699448027554
murder,0.6272613930047243
states,0.6269599782497451
believe,0.6258376158266251
lesbian,0.6250913204591818
drove,0.6239796295716561
fought,0.6235517933092102
actions,0.6233251565447623
who,0.6224227990087767
id,0.6213737816743276
goes,0.6211763913628671
shape,0.6210674015893747
common,0.6201604339066139
pass,0.6196307748278944
surrounded,0.6191658376856212
distract,0.6185955013501591
religious,0.6182480856021477
memories,0.6179052614594295
said,0.6164871470782405
confused,0.6164144687402541
than,0.6156407343245209
consider,0.6136280168079368
monster,0.6135022045556893
eating,0.6132275244893527
demons,0.6124534061018531
stream,0.6124025203437476
appreciate,0.6123676746137114
png,0.6121883667918446
loose,0.6120522268913545
conversation,0.6117139519080931
feelings,0.6115582450684147
miss,0.6098204168191607
utterly,0.6094814382295239
color,0.6088248933031823
season,0.6072446271624001
reply,0.6070929417196651
fill,0.6069455708570065
gift,0.606592495889588
endure,0.6059164834550081
width,0.6058705738723654
dangerous,0.6056053553517236
stop,0.6053478095574271
rate,0.6050241929052655
nearly,0.6044252136521807
closet,0.6035410214525231
his,0.6033930971624318
delete,0.6033169853538712
fingers,0.6025190625735324
whether,0.6023948980971492
manipulative,0.6019172550048983
interview,0.5999426113559817
gave,0.5987716235376921
driver,0.5986109862586417
supporting,0.5982134926618194
an,0.5981142568176194
incredibly,0.5978902322045198
spiral,0.5967249578101321
exists,0.5944586712228302
smell,0.5941324359659353
loan,0.5934802001963609
local,0.5929617880612892
peoples,0.5926388474391502
guy,0.5920480157244522
except,0.5918369033588124
use,0.5916344935327034
drop,0.5901576570212401
expensive,0.5901238158879829
asked,0.5893347532386657
earn,0.5887372477549029
pretending,0.588627960851191
added,0.5883441434421623
rejection,0.588198037897922
gym,0.5877551660230932
thursday,0.587651666497687
teeth,0.5874327204647559
green,0.586741594527389
speaking,0.5867001775837981
slipping,0.5864369867213175
finishing,0.5845978176861634
unable,0.5843471652456623
voices,0.5838155667881462
ap,0.583021965544869
intrusive,0.5826362083139358
discovered,0.5820669424310942
amp,0.5809152631049678
sobbing,0.5801070603599404
kid,0.5799413014393472
sense,0.5788139138268112
system,0.5779040347465584
talked,0.5778575782846035
position,0.577205860916146
destroying,0.5771799723434912
loss,0.5768792656020921
greatest,0.5764572147439395
realised,0.5754544232757061
grabbed,0.5747870565151224
crushed,0.5744138557878006
passes,0.5725862598030181
wouldnt,0.5722881551739568
messed,0.572057572086088
supported,0.5718287894505567
safety,0.5712660262034946
breakdown,0.5705092575578744
knowing,0.5685528682486034
dollars,0.5675930604738716
grammar,0.5673317759907202
likely,0.5673225217456125
luckily,0.5668496999533786
wise,0.5668271910071613
forth,0.5660612844708882
extra,0.5656006984707672
humor,0.5654567481043966
99,0.5654212760560846
places,0.5648563299196325
anything,0.5630100927895948
nudes,0.5627470209834875
brave,0.5621410377873832
lines,0.562064864747533
reads,0.562022666217352
picked,0.5617023113713696
create,0.5603583939223467
harming,0.559875282663853
rare,0.5596390795402169
speak,0.5595291725614118
cancer,0.5589771668145799
hotel,0.558499867307672
each,0.5582832460624838
concept,0.5576849277009005
ghost,0.556864562846508
december,0.5559656209156186
difficult,0.5558628405175596
paid,0.5543776766246358
service,0.5536074703670708
probably,0.5531272501863921
lunch,0.5523764423846841
completely,0.5522027703967907
has,0.5511665913973804
month,0.5505835507744925
longest,0.5490999555558445
face,0.547925786304378
highschool,0.5474093941510749
parent,0.5466132835715325
year,0.5463880889097028
posts,0.5456211595941522
terribly,0.5452200506532825
torture,0.5432656047533343
foot,0.5425480477389413
attractive,0.5418422346508232
stupid,0.540806600064785
awesome,0.5406140499053371
elementary,0.5392825354349506
increasingly,0.5390755000315625
especially,0.537619777441389
despite,0.5371202628161769
relatively,0.5370241364058927
starting,0.5362138967462953
hello,0.5356483570745096
pride,0.5344925329067223
dog,0.5342132024501808
potentially,0.5340052399226238
seeing,0.5338747584353577
bitch,0.5333090675410092
until,0.5326813320356829
experiencing,0.5320400461142571
wash,0.532001346737782
heavily,0.5317853330535585
try,0.5309628625081583
followed,0.5297398642272648
appearance,0.5291478443669972
favourite,0.529019048220549
abusing,0.528744029804019
lying,0.5286996844995322
fine,0.5281587243941281
missing,0.5280225892094838
limit,0.5279219381797673
direction,0.5274474593441006
celebrate,0.5262082290072068
pregnant,0.525727925133852
understand,0.5255903032518546
hating,0.5240263175810406
good,0.5236014805704579
cases,0.523520297717173
dislike,0.5225766724205679
find,0.5223551904501731
came,0.5222534894058751
tough,0.5210654317664958
dating,0.5203352991046258
shift,0.5201396424596897
slow,0.5185801650806963
turn,0.5184937835493126
june,0.5175073120449452
fake,0.517498542277269
aunt,0.5173505566378832
drain,0.5164379166312685
when,0.5163125392022334
july,0.5156800019034481
accepting,0.5156270079104838
dirty,0.5149369917449257
early,0.5137379859044536
near,0.5129871213103029
endless,0.5128710439060066
christ,0.5126860932090085
massive,0.5119238207872395
kicking,0.5119026141591658
gonna,0.5114192470085016
parts,0.5113185140429939
logical,0.5111956730364219
sadly,0.5104155679130761
warm,0.5092399543598187
tuesday,0.5086491017721468
practically,0.507518517677388
achieve,0.5066195684946704
tunnel,0.5065030015478275
denied,0.5058012589626816
anxious,0.5054815085240423
aren,0.5037117479359063
academic,0.5024669144448733
many,0.5019085587989287
whore,0.5012192755113245
street,0.5009707069364749
door,0.5002075460445947
put,0.4993176078441902
heavy,0.4986871316408986
naturally,0.49803265373991523
hoped,0.4967046737033249
smart,0.4963122359850945
depressing,0.4956305684936676
responsibility,0.49508248820889644
location,0.4949248740606706
for,0.49440443961617636
moving,0.4940695411909748
claim,0.49291372036524195
unstable,0.49277331177802186
reasonable,0.49248123501563557
research,0.4923151240570176
alot,0.49094421597789056
worked,0.49073962328136206
aspect,0.49047735827660954
rough,0.4904614621351703
involved,0.4898615502367536
constant,0.4892834303115479
travel,0.4890660864969015
push,0.4888674001056897
surprised,0.4885881591038788
quote,0.48837796065634786
bottom,0.48817972969839996
threatening,0.4873433573989818
piece,0.48715187367458906
deeply,0.48704178754572264
begin,0.4869110739808503
warning,0.48678425441855755
turns,0.4866804008407054
general,0.48593456098699395
kissed,0.48579555682676956
tv,0.4856417201681133
realization,0.4854488722862789
south,0.4851925428253844
ignoring,0.4843683313590396
bullying,0.4842967616511599
17,0.48390164945094416
episodes,0.48343901526596283
fixed,0.4833296320578941
summer,0.4826543756670314
cars,0.4821328496315815
disappeared,0.4820664489737016
rid,0.4797551177083032
pillow,0.4796303834071361
16,0.47942502336116144
cousin,0.4772068356886052
numbers,0.47691254789629306
understanding,0.47681305792268486
fan,0.47430950120659376
cure,0.4742735915661071
poorly,0.47412783976580314
open,0.4737915043342764
bee,0.47324643799096605
onto,0.47323612839604107
realise,0.47321750337451834
almost,0.4729229054766787
becoming,0.4721403855456766
top,0.47170615232103263
beg,0.471702686454387
times,0.47147395290841587
moms,0.47144406405862166
are,0.4714158370123719
lately,0.47115943615431916
nightmares,0.4705497027446077
entirely,0.4705368072431733
anybody,0.4702124325731622
condition,0.469764775917404
periods,0.4689343073701059
series,0.4687820482475176
freaking,0.46857596898532816
other,0.4683704017114216
non,0.46834867504046485
soft,0.4683118986547068
laugh,0.46804237144149663
daily,0.4672049340614269
x200b,0.46650856464451596
experienced,0.4649055835116416
shooting,0.46468984368797045
thousand,0.46316411264338186
pure,0.4630521741076354
news,0.46151418220480395
drive,0.46114530215322186
ultimately,0.45943891310434837
therefore,0.4593265858176886
listening,0.45905164921598474
refused,0.45841207918174265
finding,0.45830444306252494
drugs,0.4561974584584526
strict,0.4536833329805886
ruining,0.45349622289569763
arguments,0.4533278002374534
silent,0.4532486673077457
hiding,0.45290559071779385
lay,0.45216096005150214
awake,0.4512839058859033
hobby,0.4512090895295215
frequently,0.4509653455592672
worthy,0.4507657935043653
connections,0.45047190427030553
meeting,0.44994936454176176
shirt,0.4491526996246284
utter,0.44895766292929884
while,0.44877581213686446
levels,0.4467990104934775
weeks,0.4465988067650914
lazy,0.44613866199033764
ruin,0.4461038798209054
main,0.44555556864503015
welcome,0.44544145316272965
tight,0.44538428526479346
rich,0.4452000646258477
expect,0.4448144256794402
emptiness,0.4428035719908116
anyway,0.44238243443521075
sort,0.4422691426232394
happen,0.4420201935206397
quickly,0.4414401398597568
stairs,0.44123543119420316
screwed,0.43884671108170115
idiot,0.43782186895309005
smoking,0.4374099876312242
lasted,0.43740236218788436
step,0.43729170488062824
corner,0.43716406978976513
beauty,0.43696175374305235
session,0.43604174575429044
toxic,0.4348141917518184
irrational,0.43466266738061105
avoid,0.4341925333952916
enjoyed,0.4338024997358417
letting,0.43353439773981256
manage,0.43254691229459735
credit,0.4323759032375509
now,0.43234241251917
meet,0.4321478244836643
convince,0.43205031664217614
evidence,0.43186956058652975
reminds,0.43183852604262296
town,0.4312151126565419
household,0.43104596830629577
zero,0.43059789253484554
touched,0.43049218197014216
decided,0.4303980941958797
fix,0.4299595211846763
whats,0.4295272681560597
friends,0.4294281404172569
forgotten,0.42829832070614837
believed,0.4281801965434642
doing,0.42652237005970495
nope,0.4257721332596275
rest,0.42549134792801296
sentence,0.4245197223879438
continued,0.42432465889376403
liking,0.4236237128152135
reaction,0.42320097958175573
stare,0.42316796049112326
workers,0.42232926184026687
receive,0.4220250219790509
happier,0.42146571588593473
afternoon,0.4213012246753309
above,0.42104935280128664
realizing,0.41974922732761955
forced,0.4177974907517849
laying,0.41766084425884853
did,0.4174267147340298
football,0.4171261138275265
proper,0.4166052837070864
independent,0.41642356088800314
universe,0.41612978575278087
theres,0.41456510747941766
role,0.41432209945436044
studied,0.41337830618870897
results,0.4124888768906677
excuse,0.4120987517195263
view,0.41104514175214896
four,0.41047623055894505
present,0.41027819762490453
guns,0.4085177379523665
decisions,0.40795973414127706
realize,0.40763107964037043
illnesses,0.4065811433051678
exams,0.4064526742179902
individual,0.4064468688659881
crashing,0.40598122263957953
why,0.4051785207306947
including,0.4047141404707631
animals,0.40326356870276886
her,0.4029944139874037
checking,0.4025005636713899
deserved,0.4019427476838711
disorders,0.40171568316232165
spare,0.4014805055766109
january,0.4011137314065674
innocent,0.4001981018817931
havent,0.3994240426851936
suggestions,0.3981811286860048
grandparents,0.3981739818035909
6th,0.39661739032651555
weekends,0.39628541991297095
period,0.3961319487637568
slightest,0.39546230342412064
smiling,0.39519543986799205
birthday,0.3946228417967325
anytime,0.39439538631376875
wait,0.39426629311972733
thin,0.3936635844485696
park,0.3930717602004684
guitar,0.39228796437899077
expectations,0.39186020161201124
wished,0.3917379390511265
29,0.39139656057201694
prior,0.3900954530138184
showed,0.3887901628429379
aid,0.3887123449795829
15,0.38626771596208154
mostly,0.3862400736567528
raised,0.3856899419944963
grades,0.38531220582112696
buying,0.3851035980426486
sight,0.3835767252425103
opening,0.38338986625776694
express,0.38267848920718467
paycheck,0.38172043135266676
eventually,0.38145259720376745
despise,0.38080438713747344
holiday,0.38023239045997514
total,0.3800005118897978
opposite,0.37983862624841147
bathroom,0.3795742918716844
dated,0.3786233144101367
win,0.37855467237945223
feet,0.37809251184625936
promise,0.3779783597823371
come,0.37745092241670547
drink,0.37709972489846655
burn,0.3768451567447273
is,0.37645787844253786
mental,0.3763326208034787
romantic,0.3762322396710601
grandfather,0.3758081384864303
socialize,0.37562629148885107
dropping,0.37530587004042704
mouth,0.37492311543054674
couch,0.3747076772457946
ungrateful,0.37433663834197967
graduating,0.37422916077247603
slept,0.37347547008352905
pile,0.3718339401707321
mid,0.3715917878473272
refuses,0.3705573338705407
concern,0.3699042103876974
teaching,0.369690516228201
spending,0.3695777763393966
double,0.36957240476848363
september,0.3683059699650235
atleast,0.36798214113857236
attacks,0.3675650521940381
saturday,0.36687989785298586
threw,0.36585145188995055
led,0.36544314039461734
fights,0.3652606860742606
third,0.3646188198892095
interaction,0.3636307257696035
chemistry,0.3636277580447216
bringing,0.36261866291797806
created,0.3626091442020323
house,0.3622110615497703
religion,0.36125249766084
recovery,0.36039987833323467
rape,0.36009718155544906
odd,0.35967815423814964
from,0.3587385093047706
intelligent,0.3584908650719813
yelled,0.35833607605331225
instead,0.35810224436082844
moment,0.3577857581932814
dare,0.3577043572128084
actively,0.35768926680622987
joking,0.35741296301792086
control,0.35715034123072326
caught,0.3568501666686227
blue,0.35683128868849245
believing,0.356752839044713
happy,0.3567477820672495
pieces,0.3567385304951122
bought,0.3567276967468655
working,0.35607962702343976
obsessed,0.3544739822971089
wednesday,0.3529101606896571
identity,0.35276707527350554
oof,0.35263269254386737
sleeping,0.35138667903706844
pulled,0.3512038207463362
needing,0.3511460509881917
along,0.3510348992771426
together,0.3506945776314909
bothering,0.3502557822946885
starving,0.3500826636181402
projects,0.34930810484596686
show,0.3492986320309328
drag,0.3488912538435757
traumatic,0.34868930467139025
wasnt,0.348579390629792
sat,0.34642468883633487
road,0.345975397658022
asks,0.3450565125504629
split,0.3447416006485844
covered,0.34292352936102416
stress,0.34265763263810606
particular,0.34229367442975794
wishes,0.3422061237823653
those,0.34109619456553997
christmas,0.34088656895959313
dates,0.33998986319659197
sunday,0.33994771383357664
habit,0.3387731037505528
bill,0.3384127967791495
members,0.33793310278700955
writing,0.3378074804301334
hes,0.3359230588111063
discuss,0.33555200715993866
makes,0.3350571605588697
match,0.3349852915398016
address,0.33395879800676836
path,0.3326222070473832
voice,0.33253290732242835
personality,0.33227331128400556
animal,0.3319582441584704
marks,0.3315408253089472
five,0.32979917236514256
doctor,0.329784305167577
him,0.32959677292756173
full,0.3294421876038005
friend,0.32873198176707197
sold,0.3280399275623438
wonderful,0.32777217783127327
scene,0.3277540540402522
2016,0.3276752426555571
emotion,0.3270203174455856
standards,0.32615041107113424
let,0.3259570475553123
loop,0.3253128262467628
return,0.32503763212883513
explaining,0.32491016545076207
usual,0.3248723115718439
garbage,0.3243732347054806
any,0.3234369784468702
waited,0.32315973324930647
typing,0.32312600066668046
half,0.3225006531231941
overweight,0.3224883785323415
busy,0.3220730877703393
shortly,0.3219765716409348
arguing,0.3218196949857998
form,0.32143658415913934
video,0.3209405275916345
hands,0.3203114254926987
extent,0.3202119448684446
surgery,0.3192042772716036
lie,0.31913546443368146
incapable,0.31901820021696076
sending,0.31872138410179746
towards,0.31866497331178406
faith,0.31835667396916456
applying,0.3176945861186547
clothes,0.3170551939840755
burning,0.3169604990841216
aside,0.3164793264055139
fit,0.3158871672439626
types,0.31584920829783936
unfortunately,0.31568849446473135
various,0.3149682966096253
conclusion,0.3148314454827373
complicated,0.314793688918406
shut,0.31461443908133135
scares,0.314525865912078
people,0.31438803151499084
thing,0.3138364341462718
or,0.3134719266828182
instantly,0.3131135350760399
usually,0.3130680881136072
natural,0.31256718702539127
argue,0.31248649992137534
these,0.31247584154887315
assholes,0.3123259229354508
kindness,0.31148761141929227
whoever,0.311274125326543
potential,0.3108715344094183
directly,0.310667120192491
approach,0.31062699817743544
slightly,0.3103721486169909
evening,0.30996109569538344
grab,0.3097654520984907
paranoia,0.3095325957463441
responsible,0.30937947123941456
driving,0.30904264855557845
shop,0.3082490236923653
distant,0.3079008153341875
making,0.30783262191856176
advance,0.3078244945662533
sweet,0.3064177398890433
affect,0.30611255993783243
7th,0.30533578066421285
19,0.30506043094137425
sucks,0.30399035725885143
expecting,0.30385850582898855
money,0.3022193426511178
hadn,0.3017568480760991
rules,0.30122981181023945
grandmother,0.3010861518577087
drained,0.30081533548109374
kinds,0.3003441333025947
chungus,0.2999668493275417
sister,0.2996592798369461
fantasy,0.29838455596847824
200,0.29834178985309334
sibling,0.2980576773398886
plz,0.29757480063419195
floor,0.2971366514009865
slowly,0.2970039275597962
although,0.2963209817576335
city,0.29603070293089456
couple,0.29582736273089016
managed,0.2957589212049044
500,0.29560869642623083
till,0.29473524866803374
eight,0.29473189399388205
lonely,0.2933603740589164
disappointed,0.292429758138482
disgusted,0.29228162308020855
space,0.2918817822061406
break,0.29123926950391155
mail,0.2912029903590489
relatives,0.29051203555673877
struggles,0.29042778088162896
accounts,0.29036768607046687
be,0.289933468541831
hundred,0.2898912514722857
twice,0.28987178990023854
guilty,0.2897456990814995
level,0.2891569541084163
80,0.28817249568591013
virgin,0.2876572673038341
deserves,0.2875212566353927
most,0.28689868980005906
currently,0.2854453590527019
action,0.28479152895947174
event,0.28474761280111993
ends,0.2845042308156698
up,0.28442521586813174
standing,0.28408757423059394
hell,0.28395700490132736
load,0.28304938018022674
shake,0.2829165920896254
male,0.2820632200693161
god,0.2818588889720478
report,0.2809202820713057
running,0.28018801902410834
somewhat,0.28016558959206717
spoke,0.28016064811056923
plenty,0.2799645461492256
wrong,0.2795469666806128
blamed,0.2787449273991039
reading,0.27819816287200455
europe,0.27812287854860634
station,0.27810440039285095
yours,0.277049227277832
presence,0.2763482718052437
lucky,0.27605714224232636
logic,0.2757852857003978
different,0.2757537530882511
tiny,0.2748684192531473
looked,0.2743512256812299
weren,0.2742708241633788
pounds,0.273440860469415
should,0.2732946750344442
us,0.27321788155845467
church,0.2731151399835959
reminder,0.27307265895296967
humans,0.27262242644727636
tend,0.2725461881292729
mindset,0.2716352228927536
box,0.27163122850659543
figure,0.2706459743953421
groups,0.2701834133558684
humanity,0.27002819989790916
worrying,0.2694322874219899
internet,0.26940064215224274
utm_source,0.26825928691715467
often,0.2682367629730602
without,0.2667238857807756
ton,0.266204822058582
one,0.265783200446728
trouble,0.26538764551149174
60,0.26474905536284005
rarely,0.2642642099421505
opportunity,0.263975023492619
hit,0.26368477685266273
didnt,0.2633753717456971
cross,0.26318279713033593
friendships,0.26311387178875373
shared,0.26294435268652644
talks,0.2626961845048588
result,0.2586376896057301
attracted,0.25822153913159607
enter,0.25650573548455424
aggressive,0.25510681739583163
engineering,0.25501564504976587
barely,0.254214152038234
excuses,0.2541165767038426
believes,0.25408965816748275
pack,0.2537305201006672
passed,0.253525925094711
best,0.2525524794248513
drama,0.25200244480654177
insane,0.25195122899995903
case,0.25172440240740485
military,0.25165046870250024
actually,0.2511709010664851
speed,0.2510482208136279
large,0.2508223569228288
second,0.25059681179371
kick,0.2504529830344802
benefit,0.2499821641278957
cheating,0.2498825354145546
yet,0.24986477887774386
yell,0.24895356472710847
tries,0.24858765382764839
physical,0.24802222011856903
tons,0.2479677055702564
bedroom,0.24777956741471763
commit,0.24745000102949155
army,0.24716958831546929
confusing,0.24665216579347451
higher,0.24653613019461953
everywhere,0.24627541936180042
thankful,0.24621697553445313
expected,0.2457350084695341
previous,0.24571203242431505
victim,0.24548880124519512
court,0.24503881528614593
unhealthy,0.24496757004031888
looks,0.24437542602329917
field,0.24413699306521042
marriage,0.24401797312644002
absolutely,0.2434795697793212
related,0.24307800877910105
causes,0.24263686049615796
drinks,0.24260279853564662
old,0.24250906424187943
2017,0.2424436308428631
photos,0.24227984216863307
interact,0.24191094976804656
gt,0.24165970172229076
finally,0.24149227533863185
both,0.2414365449075462
recognize,0.24088933503262205
have,0.24087718333288907
nasty,0.24045976310521597
fly,0.24045825358456036
environment,0.24039384525936278
laid,0.24021201205262818
visit,0.24017623096028232
release,0.2392316003411112
exercise,0.23918720474399807
where,0.2387484117470864
found,0.23765137323577906
username,0.23657036037167462
react,0.23633476003220197
frustrated,0.23570605443635806
knowledge,0.235574875803586
returned,0.23466878503377714
bigger,0.23437523933799254
telling,0.23419476656785573
someday,0.2340181470238642
lifetime,0.233881927695958
vision,0.23386646097196906
8th,0.23166050767149976
choices,0.23117470268863852
18,0.23097997452987515
health,0.23079315911838233
addiction,0.23065837785046436
once,0.23030603254695436
shoulders,0.22961804111934173
having,0.2289536291296205
state,0.2287964711532696
hundreds,0.22878036456975523
bare,0.22852595959734304
finger,0.22852221682452625
mix,0.2280242009881385
girlfriends,0.2276323820079423
til,0.22747498189674561
glass,0.22709391421930056
classmates,0.22654687108070562
diagnosed,0.22624883506189264
blind,0.22592995185998327
repeat,0.22551422543251376
catch,0.22545872616798363
began,0.2253400351015876
grew,0.22511658259097786
battle,0.22403740292083776
books,0.22385492051857392
obvious,0.22334077198473185
walk,0.22325139059599555
brother,0.22286620197087484
else,0.22247484236046092
signed,0.22198931226407295
videos,0.22191193296893877
gained,0.22165197558075697
judge,0.22065188978206854
shocked,0.2200705898146682
ages,0.2197380307669019
utm_medium,0.21893785149347025
unlike,0.21876358108753544
youtu,0.21862702654014513
former,0.21855943099000796
shy,0.2185095839031428
threatened,0.21850695710974635
certain,0.2179023782531933
invite,0.21786846133253837
ridiculous,0.21730319116156221
toll,0.21680778652124333
asleep,0.2157362966823968
realized,0.21570734313141257
genuine,0.2155900940822028
patient,0.21540768687938752
heaven,0.21470554569693875
plastic,0.21433902953429496
brings,0.2142417847132537
recent,0.21364089398487396
arrested,0.21294387448243038
spend,0.21276396527059271
jumps,0.212233215066482
dragging,0.2121803651802362
particularly,0.2121502931498083
heal,0.21177252186886955
seemingly,0.21158330624299443
ha,0.2115696627198793
pays,0.21137041113219485
messy,0.21091488448949516
events,0.21066838868699267
regular,0.21036051414145182
accomplish,0.21015784447134223
immediately,0.20946073755404893
public,0.2094494637825051
violence,0.20933875460798212
order,0.20885521416713318
invited,0.2087193384463221
names,0.20631213600374612
eyes,0.20618927546993035
fool,0.2055863083770979
beating,0.2050234794390204
basis,0.20496584075934485
bothered,0.20494470639009216
hobbies,0.2036609526222705
stable,0.20352324921697532
surely,0.2033966066071053
isn,0.202689479294333
stole,0.2014916721705706
shown,0.20138864379072452
00100000,0.20135030784976227
leading,0.20120299673862618
mark,0.2011297497406264
window,0.20050844879719892
still,0.20040324297281417
normally,0.2003496653550907
junior,0.2001759209770092
roof,0.2001147389211417
worry,0.1995741152097837
focused,0.1991603314145955
thus,0.1989836759401616
yelling,0.1989596693121109
quick,0.19875767332069935
laughing,0.1984956884575566
made,0.198147863389465
what,0.1973414956235631
apologize,0.19723008383902363
required,0.19714668428457643
cursed,0.19685418315708686
5th,0.19620452124239177
compared,0.19617695801128307
dramatic,0.1947242831201648
fresh,0.193694265588294
cats,0.19368060311063537
kids,0.1935717165129325
asshole,0.19286658092398237
glad,0.19282194854954451
card,0.1924079815281884
divorced,0.19240139793347957
totally,0.19102683685367092
two,0.19100183048269154
site,0.19011632755783484
brain,0.18951540982207674
proof,0.18864542132125905
weed,0.18781715615253228
magic,0.18740183084220804
brief,0.18696586041413282
explained,0.18580976872222785
bus,0.184299754431584
hits,0.18421904206305054
extremely,0.18414637822408075
breakup,0.18228617322700005
2019,0.18198369669995487
curse,0.18183654350962156
2nd,0.1808592015698019
bar,0.1804048159644539
she,0.18016351113803253
suggested,0.1798153060769257
my,0.17958391577011112
permanently,0.17956657042306878
30,0.17897489758355342
communicate,0.1789533528083128
security,0.17752345904661476
walls,0.17680688797784336
signs,0.1757822818551489
arm,0.17530846299914155
situations,0.17503915203285955
though,0.1747249318701011
table,0.17425328000522256
trash,0.17413613805339734
putting,0.173548300988031
beaten,0.17312696285426507
vacation,0.1722014799570883
history,0.17213812402761988
released,0.17079048231189567
shot,0.17031301034955484
impact,0.17031216548798042
kind,0.16983797095431236
cousins,0.16962457084756705
35,0.1693691005747515
title,0.16930059806834952
puts,0.16929241034193793
task,0.16929100336279332
frustrating,0.16862732333281644
perfect,0.16823851215600924
esteem,0.16804432248912202
000,0.16803279196888526
easily,0.1674978327574515
law,0.16737975647428507
eaten,0.16649476231034166
assume,0.1658697776683161
content,0.16578171815533724
freshman,0.16507618005373054
solid,0.16505224097263146
dread,0.16434817704693105
minor,0.16297841280717545
burned,0.162878605218655
choose,0.16210119893854463
pissed,0.16164099412230667
part,0.16160046595613334
continues,0.16127088998024036
ears,0.16121281740555218
sex,0.1610706543647313
campus,0.16097542869812434
incredible,0.16045531513507733
mirror,0.1596545044059326
read,0.1590211109152576
flat,0.15898363003285382
sit,0.1585040657734188
necessary,0.15848135054003049
graduation,0.15723800657306217
either,0.15716921973802897
prepared,0.15696405105299893
impossible,0.15680032376612613
narcissistic,0.156238905448826
wow,0.15509066467504312
shows,0.1542640357920997
ripped,0.15401317729712047
describe,0.15384821739737642
subject,0.15355569925715007
absolute,0.15321504037144326
computer,0.15314353436660455
satisfied,0.1531049010112565
argument,0.1526052462076789
board,0.15240928072880572
since,0.15127472529915825
effect,0.15083241351255136
admit,0.15072569591465185
week,0.1502400007107515
brush,0.1490631374237257
by,0.14861281327891795
skin,0.14814423909870558
listen,0.1480535126960965
canada,0.14804113875798938
generally,0.1480318220093371
steps,0.14789651665400927
team,0.14783637539353123
terrifying,0.14741340012541856
cash,0.1460962544818421
31,0.1456802772782661
asking,0.14559342376306578
routine,0.14525556837539555
faces,0.14492291114211958
numerous,0.14468395591644523
regret,0.14444722778959587
feed,0.14377472300181302
ground,0.14361171899747519
frankly,0.14357619872397276
screw,0.14339917708557087
punishment,0.14278178101800212
food,0.14199440266730629
improve,0.14165142000798142
fat,0.14076102942513408
bunch,0.14067662769420372
ride,0.1399909719069439
properly,0.13987253739037311
similar,0.13953876254572628
01101111,0.1385188274332944
hardest,0.13825023743097792
count,0.13810314895520584
he,0.13723937628587912
single,0.13689396697245906
ignore,0.13686288533908678
staring,0.13670955421161993
journey,0.13659925864846872
false,0.13622011550136814
then,0.1361175388626332
called,0.13581911460382912
responsibilities,0.13546480775752906
media,0.13539847046969555
specifically,0.13467150785686732
track,0.1345343454074833
loud,0.13438386976519617
night,0.13416351249052413
already,0.1341608937983786
on,0.13401903701265755
facing,0.13133171048465492
race,0.1309607749482687
sexual,0.13090571655440406
benefits,0.13049903281391562
whole,0.1298544658056484
cards,0.12885903387559636
blank,0.12874939796041146
chose,0.12855306592795746
ran,0.12848154641073756
pets,0.1283460454000747
sympathy,0.1283241289544792
sky,0.1282862273966681
contribute,0.12799176045731342
exactly,0.12676375842154575
at,0.12644034148906141
status,0.12365005377947003
seven,0.123524563741087
check,0.12349021959598104
biggest,0.12343585991028068
dies,0.12189804187956202
01100101,0.12095413185288137
picking,0.12067810056074865
annoyed,0.12065665377347971
remove,0.12004418854868991
clear,0.12001728131728734
attend,0.11991471998642951
previously,0.11969827209415265
exact,0.11931876516266986
rely,0.1190506253835828
sisters,0.11888747505751175
truck,0.11878937777699879
women,0.11852056907169262
cover,0.11847520645386514
marry,0.11759283903974871
episode,0.11642612301316486
tree,0.11550423595745912
area,0.11507590605408531
cheap,0.1150668248860037
comes,0.11443762208249733
families,0.11405809453505644
bright,0.11330469994851719
prevent,0.11319866444374908
screamed,0.1128225089022372
hear,0.11272130755748837
messaged,0.11251679466496987
perfectly,0.11229806526988854
streets,0.11080549664375348
scary,0.11048414232793824
halfway,0.11037987315617738
runs,0.11015414441206611
sea,0.1099362088652088
affected,0.10970295928076887
stayed,0.10918646977827033
efforts,0.10908907455577288
thousands,0.10885719091941415
aware,0.10832897766568172
grown,0.1081140189619961
lock,0.10808218813526538
jealous,0.10806315376135998
friday,0.10635597889569463
answered,0.10565814258470817
01110100,0.10557254205501211
haven,0.10507965189108578
blew,0.10409279962479373
fucks,0.10372441718084391
effort,0.10366049624221324
highly,0.10357073055025608
valid,0.10356909692700528
very,0.1035298774349962
source,0.10298351441243735
sensitive,0.10293877368962422
hitting,0.10273862024052381
gain,0.10194364764376203
solve,0.10182035254170664
01110101,0.10168766605905018
shit,0.10153801684743347
into,0.10014162695869709
lose,0.10000393446733974
checked,0.09976430727244064
affection,0.09915411322005528
interest,0.09891402692598564
million,0.09866803201820235
crippling,0.09831245023585881
current,0.0979041258266167
01100001,0.09735004037956511
neither,0.09707839627810938
sorts,0.0962296934033839
acts,0.09611155502073801
appreciated,0.09587801257179626
incident,0.09578924537848854
bully,0.09518368876205326
during,0.09488828778972255
dunno,0.0946629991515668
sometime,0.09404595791677955
countless,0.09290944106770838
and,0.09254679121589919
conscious,0.09207001587782385
conditions,0.09177161993633028
birth,0.09170429122337473
mentioned,0.09144746622013486
inside,0.09141166302339
under,0.09015061622846085
interested,0.08926981205019771
chair,0.08918343545682267
develop,0.08903487013013321
dads,0.08851526019619638
studies,0.08816748511230145
connection,0.08804473748229567
possible,0.08803711815830104
person,0.08770820195678657
ahead,0.08758393894196778
harm,0.08750376956481012
detail,0.08713475733584747
closed,0.08686173802415446
lower,0.08650485852631651
whatever,0.08631699432829727
faster,0.08625390942063293
hatred,0.08570438609146165
vomit,0.08512715453754584
differently,0.08511946529093803
walked,0.08404009093567755
winter,0.08399844523311095
separate,0.08368597505548452
avoiding,0.08349918334277166
occasionally,0.08348294273247295
older,0.08328806782756051
friendly,0.08311612291225257
basic,0.0830241646109453
blocked,0.08280727760322514
youth,0.08251777818069149
christian,0.08190755923723464
01101110,0.08148539965707088
built,0.08102985494700807
relationships,0.08051992622772892
essentially,0.08032631849952805
hidden,0.07974640624212516
morning,0.07967514980377427
in,0.07958856074141366
leads,0.07920204292964193
agreed,0.07884024311462924
grateful,0.07867421282048596
texts,0.07775115849339134
pleasure,0.0777168402908669
arent,0.07745952669572476
grand,0.07709672175259207
trade,0.07682288261310381
dear,0.07641539473412037
obviously,0.07593974528303503
interests,0.07538989438273261
sell,0.07505079419662139
01111001,0.07434780218955085
stomach,0.07434475688812714
ten,0.07432635416343225
mutual,0.07398438078539084
imgur,0.07387271628383403
stick,0.07215993333369813
saving,0.07165502024459697
curious,0.07113566898212487
greatly,0.07104007404373655
refuse,0.07054383901290978
certainly,0.07041955454879775
if,0.07026307855498062
social,0.06976570293339694
nowadays,0.06970391841775783
courses,0.06960274677410445
controlling,0.06900789634922909
passion,0.06846399349306426
type,0.06830269818094536
replied,0.06767461119916567
costs,0.06715012088326129
date,0.06703382045731353
jail,0.0664740751519049
pay,0.06645548655264127
forget,0.06598511507351362
issue,0.06575071889864798
inability,0.06501202156785148
scream,0.06476703260501095
theyre,0.06424745121846592
record,0.06399601846458904
remind,0.06358118276476353
eve,0.06337913392218475
offered,0.06329385950571688
email,0.06320215759025502
about,0.06300829869988098
strange,0.06292871072406932
clearly,0.0628825722917345
however,0.06258926108253189
regularly,0.06250306497815922
sophomore,0.06246739926913366
parties,0.06236658227235412
scare,0.06215681069274002
meaning,0.06203389254393856
ppl,0.06137619920077812
honest,0.061295395239170415
nature,0.06113926702440251
circle,0.061008121687111304
twenty,0.06086312087204925
upon,0.060446912902504195
basement,0.06008252045895295
private,0.059813137571865134
symptoms,0.059282830145062984
went,0.059271194671623506
limited,0.0592122632676322
youre,0.058989542080667444
national,0.05894396319157437
healthy,0.058905356615280687
look,0.058893786833706996
fall,0.058481536417532544
45,0.05839604010325469
01110010,0.05822808801485652
months,0.05812714681624106
ever,0.05708686408837453
throughout,0.05704741733632143
lovely,0.05651850314160765
specific,0.05651086150509276
getting,0.056335507843897854
ease,0.0559937568188203
bank,0.055877115051518586
necessarily,0.055782330074767496
enjoy,0.05572300692448526
sucked,0.055192195092378105
surprise,0.0551817601189283
useful,0.054895250094111836
remain,0.05484805707329323
01100111,0.05483690311326504
walks,0.05435701973175363
noise,0.053683244217217
bad,0.05341464794109392
education,0.053284565740315266
text,0.053039192822543636
subreddit,0.05300941477119312
really,0.05286258273686993
middle,0.051673881785166194
itself,0.05117694213935811
today,0.0509676673817918
hollow,0.05078355739204703
sharing,0.05022074482375791
pick,0.050213211189179686
round,0.04989525697857555
correct,0.0498900334939061
miles,0.0497683427178786
org,0.049609049353516295
searching,0.04934004809033457
asian,0.048337385923787474
whose,0.047092624591173665
training,0.04707006759276652
suddenly,0.046482141446612085
suck,0.046383158848778916
cleaning,0.04574091148751755
accomplished,0.04519761290814713
showing,0.044613420073863985
01101001,0.044586960334316146
decide,0.04301662098009439
dark,0.04281223445311208
manager,0.042643043092363074
games,0.0422991078513901
touch,0.041903558949452774
shes,0.04161162000142738
minimum,0.04107254371302753
clean,0.04081895898626039
suggest,0.03997419857094092
fully,0.03941907780558125
kitchen,0.039212993947891385
goals,0.03864205458804112
hardly,0.038403827082769966
senior,0.03822639156382045
far,0.035854295901942744
shoulder,0.03577749073445059
siblings,0.03574712884085022
changing,0.03555219664252914
respond,0.035314513334638656
user,0.0352421274394008
february,0.0351285746665746
club,0.03471101733492182
used,0.03452228189209204
little,0.03445152788101834
whilst,0.0343545448714085
becomes,0.034156934529225295
downhill,0.033156355284010175
account,0.03239311191915569
happiest,0.031863291500460404
applied,0.031440092730102856
fears,0.030804574565077503
whom,0.030158427719714206
three,0.030155827710183197
everytime,0.030079644475184256
figured,0.029845610251796426
wind,0.02984090594800239
treating,0.029289904359028306
tell,0.029096211890208067
legal,0.028935984606641374
diet,0.028834420378636413
personal,0.028126184396971433
core,0.028112645158852263
venting,0.027472487948865365
brothers,0.0274008124572584
earth,0.02708792707329221
fell,0.026960031393555253
mum,0.0261089556398715
goddamn,0.025951785692672133
fallen,0.025495386671026035
accepted,0.025094930919128858
blaming,0.024932164066299105
developed,0.024687545633669955
texted,0.023765514637405914
with,0.02282656241052623
follow,0.021823398963692647
isnt,0.021633860264688432
regardless,0.02162096411935975
business,0.02155928803080456
3rd,0.02148756827403791
tear,0.019639076830811057
tall,0.018665353875161397
protect,0.018097281251839573
dependent,0.01807207300805057
embarrassed,0.017754424332231105
lead,0.017317450960986087
shock,0.016231958827826874
stage,0.016034939547650347
faking,0.01599404302461475
sun,0.01583260439777528
habits,0.015701409063193585
advantage,0.015347394378808044
hi,0.013874728201713978
connected,0.013661739939281827
weekend,0.013153043108904278
prepare,0.012737513700421392
following,0.012606103884477122
office,0.01248460753260379
answer,0.011834347401330707
per,0.011421671581547433
lots,0.010781972344644746
maintain,0.010201160690037186
activities,0.010159719362921682
walking,0.010086976044402281
number,0.009810670588037926
acknowledge,0.008866748871477845
granted,0.008664001443944047
whatsoever,0.008268429250719106
children,0.007781705707088485
huge,0.007647956228470105
relax,0.007449890922846836
progress,0.007207751064388744
capable,0.007013309619743657
pursue,0.006179613192982204
rush,0.004919976916111643
sign,0.004797895006313229
complex,0.004127365808862587
setting,0.0037321815840771757
1st,0.0036937000958879663
gotten,0.0036202569957600674
vent,0.001456432649734973
understood,0.0011153035150794342
late,0.0008802569351646534
august,0.0007304119535751997
yesterday,0.00021027296485905643
